gp,rec_tgt,rec_rcpt,rec_yd,rec_yd_per_game,rec_yd_per_rcpt,rec_td,fumbles_lost,fpts,fp_per_game,pos,source,source_url,fpts_halfppr_adjust,player,team
17,131,102,1161,68.3,11.4,8,1,204.0,9.0,TE,CBS,https://www.cbssports.com/fantasy/football/stats/TE/2024/restofseason/projections/nonppr/,True,Travis Kelce,C
17,97,69,904,53.2,13.1,11,0,183.5,8.8,TE,CBS,https://www.cbssports.com/fantasy/football/stats/TE/2024/restofseason/projections/nonppr/,True,Mark Andrews,BAL
17,115,84,845,49.7,10.1,10,0,177.0,7.9,TE,CBS,https://www.cbssports.com/fantasy/football/stats/TE/2024/restofseason/projections/nonppr/,True,Sam LaPorta,DET
17,85,61,916,53.9,15.0,7,0,155.5,7.4,TE,CBS,https://www.cbssports.com/fantasy/football/stats/TE/2024/restofseason/projections/nonppr/,True,George Kittle,SF
17,110,73,853,50.2,11.7,7,2,152.5,6.8,TE,CBS,https://www.cbssports.com/fantasy/football/stats/TE/2024/restofseason/projections/nonppr/,True,David Njoku,CLE
17,109,83,902,53.1,10.9,5,0,154.5,6.6,TE,CBS,https://www.cbssports.com/fantasy/football/stats/TE/2024/restofseason/projections/nonppr/,True,Trey McBride,ARI
17,99,71,765,45.0,10.8,7,0,146.5,6.5,TE,CBS,https://www.cbssports.com/fantasy/football/stats/TE/2024/restofseason/projections/nonppr/,True,Jake Ferguson,DAL
17,109,64,879,51.7,13.7,5,0,142.0,6.5,TE,CBS,https://www.cbssports.com/fantasy/football/stats/TE/2024/restofseason/projections/nonppr/,True,Kyle Pitts,ATL
17,107,85,833,49.0,9.8,6,1,151.5,6.4,TE,CBS,https://www.cbssports.com/fantasy/football/stats/TE/2024/restofseason/projections/nonppr/,True,Dalton Kincaid,BUF
17,91,66,744,43.8,11.3,6,0,135.0,6.0,TE,CBS,https://www.cbssports.com/fantasy/football/stats/TE/2024/restofseason/projections/nonppr/,True,Dallas Goedert,PHI
17,118,92,816,48.0,8.9,5,1,147.0,5.9,TE,CBS,https://www.cbssports.com/fantasy/football/stats/TE/2024/restofseason/projections/nonppr/,True,Evan Engram,JAC
17,55,39,551,32.4,14.1,8,0,114.5,5.6,TE,CBS,https://www.cbssports.com/fantasy/football/stats/TE/2024/restofseason/projections/nonppr/,True,Isaiah Likely,BAL
17,81,62,634,37.3,10.2,6,0,122.0,5.4,TE,CBS,https://www.cbssports.com/fantasy/football/stats/TE/2024/restofseason/projections/nonppr/,True,Cole Kmet,CHI
17,86,58,656,38.6,11.3,6,1,119.0,5.3,TE,CBS,https://www.cbssports.com/fantasy/football/stats/TE/2024/restofseason/projections/nonppr/,True,Dalton Schultz,HOU
17,89,61,712,41.9,11.7,5,2,119.5,5.2,TE,CBS,https://www.cbssports.com/fantasy/football/stats/TE/2024/restofseason/projections/nonppr/,True,Brock Bowers,LV
17,80,55,618,36.4,11.2,6,0,116.5,5.2,TE,CBS,https://www.cbssports.com/fantasy/football/stats/TE/2024/restofseason/projections/nonppr/,True,Pat Freiermuth,PIT
17,94,69,727,42.8,10.5,4,1,120.5,5.1,TE,CBS,https://www.cbssports.com/fantasy/football/stats/TE/2024/restofseason/projections/nonppr/,True,T.J. Hockenson,MIN
17,66,44,472,27.8,10.7,7,0,102.0,4.7,TE,CBS,https://www.cbssports.com/fantasy/football/stats/TE/2024/restofseason/projections/nonppr/,True,Hunter Henry,NE
17,76,58,604,35.5,10.4,4,0,105.0,4.5,TE,CBS,https://www.cbssports.com/fantasy/football/stats/TE/2024/restofseason/projections/nonppr/,True,Luke Musgrave,GB
17,67,43,434,25.5,10.1,6,0,92.5,4.2,TE,CBS,https://www.cbssports.com/fantasy/football/stats/TE/2024/restofseason/projections/nonppr/,True,Juwan Johnson,NO
17,84,59,611,35.9,10.4,3,0,99.5,4.1,TE,CBS,https://www.cbssports.com/fantasy/football/stats/TE/2024/restofseason/projections/nonppr/,True,Tyler Conklin,NYJ
17,77,54,564,33.2,10.4,3,0,94.0,3.9,TE,CBS,https://www.cbssports.com/fantasy/football/stats/TE/2024/restofseason/projections/nonppr/,True,Chigoziem Okonkwo,N
17,63,45,525,30.9,11.7,4,1,88.5,3.9,TE,CBS,https://www.cbssports.com/fantasy/football/stats/TE/2024/restofseason/projections/nonppr/,True,Jonnu Smith,MIA
17,64,42,421,24.8,10.0,5,0,84.0,3.7,TE,CBS,https://www.cbssports.com/fantasy/football/stats/TE/2024/restofseason/projections/nonppr/,True,Mike Gesicki,CIN
17,69,47,508,29.9,10.8,4,1,86.5,3.7,TE,CBS,https://www.cbssports.com/fantasy/football/stats/TE/2024/restofseason/projections/nonppr/,True,Ben Sinnott,WAS
17,70,48,498,29.3,10.4,4,1,87.0,3.7,TE,CBS,https://www.cbssports.com/fantasy/football/stats/TE/2024/restofseason/projections/nonppr/,True,Cade Otton,TB
17,35,26,401,23.6,15.4,5,0,75.0,3.6,TE,CBS,https://www.cbssports.com/fantasy/football/stats/TE/2024/restofseason/projections/nonppr/,True,Brevin Jordan,HOU
17,76,51,513,30.2,10.1,3,0,87.5,3.6,TE,CBS,https://www.cbssports.com/fantasy/football/stats/TE/2024/restofseason/projections/nonppr/,True,Tyler Higbee,LAR
17,59,44,502,29.5,11.4,3,0,81.0,3.5,TE,CBS,https://www.cbssports.com/fantasy/football/stats/TE/2024/restofseason/projections/nonppr/,True,Noah Fant,SEA
17,64,47,424,24.9,9.0,4,0,80.5,3.4,TE,CBS,https://www.cbssports.com/fantasy/football/stats/TE/2024/restofseason/projections/nonppr/,True,Gerald Everett,CHI
17,56,38,440,25.9,11.6,3,0,72.0,3.1,TE,CBS,https://www.cbssports.com/fantasy/football/stats/TE/2024/restofseason/projections/nonppr/,True,Michael Mayer,LV
17,47,31,315,18.5,10.2,5,0,67.5,3.1,TE,CBS,https://www.cbssports.com/fantasy/football/stats/TE/2024/restofseason/projections/nonppr/,True,Dawson Knox,BUF
17,41,28,294,17.3,10.5,5,0,65.0,3.0,TE,CBS,https://www.cbssports.com/fantasy/football/stats/TE/2024/restofseason/projections/nonppr/,True,Donald Parham Jr.,LAC
17,55,35,472,27.8,13.5,2,0,67.5,2.9,TE,CBS,https://www.cbssports.com/fantasy/football/stats/TE/2024/restofseason/projections/nonppr/,True,Greg Dulcich,DEN
17,57,37,388,22.8,10.5,3,0,66.5,2.8,TE,CBS,https://www.cbssports.com/fantasy/football/stats/TE/2024/restofseason/projections/nonppr/,True,Hayden Hurst,LAC
17,46,34,370,21.8,10.9,3,0,64.0,2.8,TE,CBS,https://www.cbssports.com/fantasy/football/stats/TE/2024/restofseason/projections/nonppr/,True,Tucker Kraft,GB
17,38,26,225,13.2,8.7,5,0,58.0,2.6,TE,CBS,https://www.cbssports.com/fantasy/football/stats/TE/2024/restofseason/projections/nonppr/,True,Tommy Tremble,CAR
17,28,16,206,12.1,12.9,5,0,51.0,2.5,TE,CBS,https://www.cbssports.com/fantasy/football/stats/TE/2024/restofseason/projections/nonppr/,True,Mo Alie-Cox,IND
17,46,38,386,22.7,10.2,2,0,61.0,2.5,TE,CBS,https://www.cbssports.com/fantasy/football/stats/TE/2024/restofseason/projections/nonppr/,True,Durham Smythe,MIA
17,43,31,373,21.9,12.0,2,0,56.5,2.4,TE,CBS,https://www.cbssports.com/fantasy/football/stats/TE/2024/restofseason/projections/nonppr/,True,Elijah Higgins,ARI
17,45,28,360,21.2,12.9,2,0,55.0,2.4,TE,CBS,https://www.cbssports.com/fantasy/football/stats/TE/2024/restofseason/projections/nonppr/,True,Kylen Granson,IND
17,58,39,371,21.8,9.5,2,1,58.5,2.3,TE,CBS,https://www.cbssports.com/fantasy/football/stats/TE/2024/restofseason/projections/nonppr/,True,Theo Johnson,NYG
17,57,38,354,20.8,9.3,2,1,56.0,2.2,TE,CBS,https://www.cbssports.com/fantasy/football/stats/TE/2024/restofseason/projections/nonppr/,True,Ja'Tavion Sanders,CAR
17,47,30,271,15.9,9.0,3,0,51.0,2.1,TE,CBS,https://www.cbssports.com/fantasy/football/stats/TE/2024/restofseason/projections/nonppr/,True,Zach Ertz,WAS
17,32,22,260,15.3,11.8,3,1,45.0,2.0,TE,CBS,https://www.cbssports.com/fantasy/football/stats/TE/2024/restofseason/projections/nonppr/,True,Logan Thomas,SF
17,31,26,251,14.8,9.7,3,0,47.0,2.0,TE,CBS,https://www.cbssports.com/fantasy/football/stats/TE/2024/restofseason/projections/nonppr/,True,Brock Wright,DET
17,40,28,297,17.5,10.6,2,0,47.0,1.9,TE,CBS,https://www.cbssports.com/fantasy/football/stats/TE/2024/restofseason/projections/nonppr/,True,Noah Gray,C
17,38,25,233,13.7,9.3,3,0,45.5,1.9,TE,CBS,https://www.cbssports.com/fantasy/football/stats/TE/2024/restofseason/projections/nonppr/,True,Adam Trautman,DEN
17,35,27,259,15.2,9.6,2,0,43.5,1.8,TE,CBS,https://www.cbssports.com/fantasy/football/stats/TE/2024/restofseason/projections/nonppr/,True,Johnny Mundt,MIN
17,26,16,250,14.7,15.6,2,0,36.0,1.6,TE,CBS,https://www.cbssports.com/fantasy/football/stats/TE/2024/restofseason/projections/nonppr/,True,Jelani Woods,IND
17,36,27,256,15.1,9.5,2,1,41.5,1.6,TE,CBS,https://www.cbssports.com/fantasy/football/stats/TE/2024/restofseason/projections/nonppr/,True,Josh Oliver,MIN
17,34,30,315,18.5,10.5,1,0,43.0,1.6,TE,CBS,https://www.cbssports.com/fantasy/football/stats/TE/2024/restofseason/projections/nonppr/,True,Daniel Bellinger,NYG
17,16,11,179,10.5,16.3,2,0,27.5,1.3,TE,CBS,https://www.cbssports.com/fantasy/football/stats/TE/2024/restofseason/projections/nonppr/,True,Teagan Quitoriano,HOU
17,22,16,179,10.5,11.2,2,0,30.0,1.3,TE,CBS,https://www.cbssports.com/fantasy/football/stats/TE/2024/restofseason/projections/nonppr/,True,Colby Parkinson,LAR
17,7,6,49,2.9,8.2,3,0,22.0,1.1,TE,CBS,https://www.cbssports.com/fantasy/football/stats/TE/2024/restofseason/projections/nonppr/,True,Jimmy Graham,NO
17,34,21,210,12.4,10.0,1,0,29.5,1.1,TE,CBS,https://www.cbssports.com/fantasy/football/stats/TE/2024/restofseason/projections/nonppr/,True,Ian Thomas,CAR
17,35,24,204,12.0,8.5,1,0,31.0,1.1,TE,CBS,https://www.cbssports.com/fantasy/football/stats/TE/2024/restofseason/projections/nonppr/,True,Connor Heyward,PIT
17,15,11,119,7.0,10.8,2,0,22.5,1.0,TE,CBS,https://www.cbssports.com/fantasy/football/stats/TE/2024/restofseason/projections/nonppr/,True,Quintin Morris,BUF
17,12,9,102,6.0,11.3,2,0,20.5,0.9,TE,CBS,https://www.cbssports.com/fantasy/football/stats/TE/2024/restofseason/projections/nonppr/,True,MyCole Pruitt,PIT
17,11,11,93,5.5,8.5,2,0,21.5,0.9,TE,CBS,https://www.cbssports.com/fantasy/football/stats/TE/2024/restofseason/projections/nonppr/,True,Ben Sims,GB
17,13,12,101,5.9,8.4,2,0,22.0,0.9,TE,CBS,https://www.cbssports.com/fantasy/football/stats/TE/2024/restofseason/projections/nonppr/,True,Brenton Strange,JAC
17,10,7,74,4.4,10.6,2,0,18.5,0.9,TE,CBS,https://www.cbssports.com/fantasy/football/stats/TE/2024/restofseason/projections/nonppr/,True,C.J. Uzomah,PHI
17,15,11,159,9.4,14.5,1,0,18.5,0.8,TE,CBS,https://www.cbssports.com/fantasy/football/stats/TE/2024/restofseason/projections/nonppr/,True,Brycen Hopkins,LAR
17,31,16,166,9.8,10.4,1,0,21.0,0.8,TE,CBS,https://www.cbssports.com/fantasy/football/stats/TE/2024/restofseason/projections/nonppr/,True,Stephen Sullivan,CAR
17,20,10,161,9.5,16.1,1,0,18.0,0.8,TE,CBS,https://www.cbssports.com/fantasy/football/stats/TE/2024/restofseason/projections/nonppr/,True,Andrew Ogletree,IND
17,19,16,158,9.3,9.9,1,0,21.0,0.8,TE,CBS,https://www.cbssports.com/fantasy/football/stats/TE/2024/restofseason/projections/nonppr/,True,Will Dissly,LAC
17,21,12,158,9.3,13.2,1,0,19.0,0.8,TE,CBS,https://www.cbssports.com/fantasy/football/stats/TE/2024/restofseason/projections/nonppr/,True,Stone Smartt,LAC
17,24,17,157,9.2,9.2,1,0,21.5,0.8,TE,CBS,https://www.cbssports.com/fantasy/football/stats/TE/2024/restofseason/projections/nonppr/,True,Austin Hooper,NE
17,14,11,152,8.9,13.8,1,0,17.5,0.7,TE,CBS,https://www.cbssports.com/fantasy/football/stats/TE/2024/restofseason/projections/nonppr/,True,Pharaoh Brown,SEA
17,17,12,136,8.0,11.3,1,0,18.0,0.7,TE,CBS,https://www.cbssports.com/fantasy/football/stats/TE/2024/restofseason/projections/nonppr/,True,Payne Durham,TB
17,24,16,145,8.5,9.1,1,0,20.0,0.7,TE,CBS,https://www.cbssports.com/fantasy/football/stats/TE/2024/restofseason/projections/nonppr/,True,John Bates,WAS
17,14,10,119,7.0,11.9,1,0,17.0,0.7,TE,CBS,https://www.cbssports.com/fantasy/football/stats/TE/2024/restofseason/projections/nonppr/,True,Armani Rogers,WAS
17,14,12,129,7.6,10.8,1,0,17.0,0.6,TE,CBS,https://www.cbssports.com/fantasy/football/stats/TE/2024/restofseason/projections/nonppr/,True,Luke Farrell,JAC
17,15,10,119,7.0,11.9,1,0,16.0,0.6,TE,CBS,https://www.cbssports.com/fantasy/football/stats/TE/2024/restofseason/projections/nonppr/,True,Cole Turner,WAS
17,17,12,120,7.1,10.0,1,0,17.0,0.6,TE,CBS,https://www.cbssports.com/fantasy/football/stats/TE/2024/restofseason/projections/nonppr/,True,Robert Tonyan,MIN
17,17,13,129,7.6,9.9,1,0,17.5,0.6,TE,CBS,https://www.cbssports.com/fantasy/football/stats/TE/2024/restofseason/projections/nonppr/,True,Izaiah Gathings,C
17,13,10,121,7.1,12.1,1,0,16.0,0.6,TE,CBS,https://www.cbssports.com/fantasy/football/stats/TE/2024/restofseason/projections/nonppr/,True,Cameron Latu,SF
17,16,13,124,7.3,9.5,1,0,17.5,0.6,TE,CBS,https://www.cbssports.com/fantasy/football/stats/TE/2024/restofseason/projections/nonppr/,True,Tanner McLachlan,CIN
17,14,11,120,7.1,10.9,1,0,16.5,0.6,TE,CBS,https://www.cbssports.com/fantasy/football/stats/TE/2024/restofseason/projections/nonppr/,True,Cade Stover,HOU
17,16,13,124,7.3,9.5,1,0,17.5,0.6,TE,CBS,https://www.cbssports.com/fantasy/football/stats/TE/2024/restofseason/projections/nonppr/,True,Erick All,CIN
17,12,8,127,7.5,15.9,1,0,15.0,0.6,TE,CBS,https://www.cbssports.com/fantasy/football/stats/TE/2024/restofseason/projections/nonppr/,True,Ross Dwelley,ATL
17,16,12,124,7.3,10.3,1,0,17.0,0.6,TE,CBS,https://www.cbssports.com/fantasy/football/stats/TE/2024/restofseason/projections/nonppr/,True,James Mitchell,DET
17,13,10,121,7.1,12.1,1,0,16.0,0.6,TE,CBS,https://www.cbssports.com/fantasy/football/stats/TE/2024/restofseason/projections/nonppr/,True,Brayden Willis,SF
17,16,12,125,7.4,10.4,1,0,17.0,0.6,TE,CBS,https://www.cbssports.com/fantasy/football/stats/TE/2024/restofseason/projections/nonppr/,True,Trey Knox,MIN
17,15,11,122,7.2,11.1,1,0,16.5,0.6,TE,CBS,https://www.cbssports.com/fantasy/football/stats/TE/2024/restofseason/projections/nonppr/,True,Foster Moreau,NO
17,17,13,129,7.6,9.9,1,0,17.5,0.6,TE,CBS,https://www.cbssports.com/fantasy/football/stats/TE/2024/restofseason/projections/nonppr/,True,Jared Wiley,C
17,16,11,107,6.3,9.7,1,0,15.5,0.6,TE,CBS,https://www.cbssports.com/fantasy/football/stats/TE/2024/restofseason/projections/nonppr/,True,Jordan Akins,CLE
17,15,11,113,6.6,10.3,1,0,15.5,0.6,TE,CBS,https://www.cbssports.com/fantasy/football/stats/TE/2024/restofseason/projections/nonppr/,True,Dallin Holker,NO
17,14,10,118,6.9,11.8,1,0,15.0,0.6,TE,CBS,https://www.cbssports.com/fantasy/football/stats/TE/2024/restofseason/projections/nonppr/,True,John FitzPatrick,ATL
17,19,11,113,6.6,10.3,1,0,15.5,0.6,TE,CBS,https://www.cbssports.com/fantasy/football/stats/TE/2024/restofseason/projections/nonppr/,True,Peyton Hendershot,DAL
17,13,10,100,5.9,10.0,1,0,15.0,0.6,TE,CBS,https://www.cbssports.com/fantasy/football/stats/TE/2024/restofseason/projections/nonppr/,True,Cole Fotheringham,LV
17,16,13,100,5.9,7.7,1,0,16.5,0.6,TE,CBS,https://www.cbssports.com/fantasy/football/stats/TE/2024/restofseason/projections/nonppr/,True,Drew Sample,CIN
17,13,9,103,6.1,11.4,1,0,14.5,0.6,TE,CBS,https://www.cbssports.com/fantasy/football/stats/TE/2024/restofseason/projections/nonppr/,True,Nick Vannett,N
17,14,11,114,6.7,10.4,1,0,15.5,0.6,TE,CBS,https://www.cbssports.com/fantasy/football/stats/TE/2024/restofseason/projections/nonppr/,True,Devin Culp,TB
17,13,10,116,6.8,11.6,1,0,15.0,0.6,TE,CBS,https://www.cbssports.com/fantasy/football/stats/TE/2024/restofseason/projections/nonppr/,True,Will Mallory,IND
17,11,9,91,5.4,10.1,1,0,14.5,0.6,TE,CBS,https://www.cbssports.com/fantasy/football/stats/TE/2024/restofseason/projections/nonppr/,True,Josh Whyle,N
17,16,13,114,6.7,8.8,1,0,16.5,0.6,TE,CBS,https://www.cbssports.com/fantasy/football/stats/TE/2024/restofseason/projections/nonppr/,True,Tanner Hudson,CIN
17,11,9,104,6.1,11.6,1,0,14.5,0.6,TE,CBS,https://www.cbssports.com/fantasy/football/stats/TE/2024/restofseason/projections/nonppr/,True,Lucas Krull,DEN
17,13,10,91,5.4,9.1,1,0,15.0,0.6,TE,CBS,https://www.cbssports.com/fantasy/football/stats/TE/2024/restofseason/projections/nonppr/,True,La'Michael Pettway,NE
17,14,11,108,6.4,9.8,1,0,15.5,0.6,TE,CBS,https://www.cbssports.com/fantasy/football/stats/TE/2024/restofseason/projections/nonppr/,True,AJ Barner,SEA
